{"cameraMode":{"drawMode":0,"name":"Shaded","section":"Shading Mode"},"sceneLighting":false,"audioPlay":false,"sceneViewState":{"showFog":true,"showMaterialUpdate":false,"showSkybox":true,"showFlares":true,"showImageEffects":true,"showParticleSystems":true},"in2DMode":false,"pivot":{"x":-0.46353673934936526,"y":1.7886874675750733,"z":-1.3597885370254517},"rotation":{"x":0.01304721925407648,"y":-0.6304047703742981,"z":0.010598368011415005,"w":0.7760846018791199},"size":2.7256174087524416,"orthographic":false}