{"cameraMode":{"drawMode":0,"name":"Shaded","section":"Shading Mode"},"sceneLighting":false,"audioPlay":false,"sceneViewState":{"showFog":true,"showMaterialUpdate":false,"showSkybox":true,"showFlares":true,"showImageEffects":true,"showParticleSystems":true},"in2DMode":false,"pivot":{"x":-1.0847904682159424,"y":-0.5000333786010742,"z":1.1029362678527833},"rotation":{"x":0.0880742147564888,"y":-0.9069094657897949,"z":0.33703210949897768,"w":0.2369968593120575},"size":5.039370059967041,"orthographic":false}