{"cameraMode":{"drawMode":0,"name":"Shaded","section":"Shading Mode"},"sceneLighting":false,"audioPlay":false,"sceneViewState":{"showFog":true,"showMaterialUpdate":false,"showSkybox":true,"showFlares":true,"showImageEffects":true,"showParticleSystems":true},"in2DMode":false,"pivot":{"x":3.2062597274780275,"y":1.248687744140625,"z":-1.729278564453125},"rotation":{"x":0.04033719748258591,"y":-0.922709047794342,"z":0.3699442744255066,"w":0.1006089523434639},"size":63.31040573120117,"orthographic":false}