{"cameraMode":{"drawMode":0,"name":"Shaded","section":"Shading Mode"},"sceneLighting":false,"audioPlay":false,"sceneViewState":{"showFog":true,"showMaterialUpdate":false,"showSkybox":true,"showFlares":true,"showImageEffects":true,"showParticleSystems":true},"in2DMode":false,"pivot":{"x":-15.81423568725586,"y":31.4837646484375,"z":-32.626853942871097},"rotation":{"x":0.1316181719303131,"y":0.32538554072380068,"z":-0.045789867639541629,"w":0.9352594017982483},"size":2.3334522247314455,"orthographic":false}