{"cameraMode":{"drawMode":0,"name":"Shaded","section":"Shading Mode"},"sceneLighting":false,"audioPlay":false,"sceneViewState":{"showFog":true,"showMaterialUpdate":false,"showSkybox":true,"showFlares":true,"showImageEffects":true,"showParticleSystems":true},"in2DMode":false,"pivot":{"x":4.756731986999512,"y":-23.09779930114746,"z":21.750118255615236},"rotation":{"x":0.04033719748258591,"y":-0.922709047794342,"z":0.3699442744255066,"w":0.1006089523434639},"size":70.02301788330078,"orthographic":false}