{"cameraMode":{"drawMode":0,"name":"Shaded","section":"Shading Mode"},"sceneLighting":false,"audioPlay":false,"sceneViewState":{"showFog":true,"showMaterialUpdate":false,"showSkybox":true,"showFlares":true,"showImageEffects":true,"showParticleSystems":true},"in2DMode":false,"pivot":{"x":-4.4849724769592289,"y":0.8788851499557495,"z":3.562242269515991},"rotation":{"x":-0.05405835807323456,"y":-0.7206248044967651,"z":0.056547682732343677,"w":-0.6888976097106934},"size":2.351327419281006,"orthographic":false}