{"cameraMode":{"drawMode":0,"name":"Shaded","section":"Shading Mode"},"sceneLighting":false,"audioPlay":false,"sceneViewState":{"showFog":true,"showMaterialUpdate":false,"showSkybox":true,"showFlares":true,"showImageEffects":true,"showParticleSystems":true},"in2DMode":false,"pivot":{"x":-0.23000001907348634,"y":1.0299999713897706,"z":4.050000190734863},"rotation":{"x":0.2304830253124237,"y":-0.04346874728798866,"z":0.010307451710104943,"w":0.9720521569252014},"size":100.3929672241211,"orthographic":false}