{"cameraMode":{"drawMode":0,"name":"Shaded","section":"Shading Mode"},"sceneLighting":false,"audioPlay":false,"sceneViewState":{"showFog":true,"showMaterialUpdate":false,"showSkybox":true,"showFlares":true,"showImageEffects":true,"showParticleSystems":true},"in2DMode":false,"pivot":{"x":-4.188053607940674,"y":-1.0423898696899415,"z":3.3799829483032228},"rotation":{"x":0.0880742147564888,"y":-0.9069094657897949,"z":0.33703210949897768,"w":0.2369968593120575},"size":6.661631107330322,"orthographic":false}