{"cameraMode":{"drawMode":0,"name":"Shaded","section":"Shading Mode"},"sceneLighting":false,"audioPlay":false,"sceneViewState":{"showFog":true,"showMaterialUpdate":false,"showSkybox":true,"showFlares":true,"showImageEffects":true,"showParticleSystems":true},"in2DMode":false,"pivot":{"x":-1.5225982666015626,"y":-0.42341113090515139,"z":1.272761583328247},"rotation":{"x":0.0880742147564888,"y":-0.9069094657897949,"z":0.33703210949897768,"w":0.2369968593120575},"size":6.909850597381592,"orthographic":false}