{"cameraMode":{"drawMode":0,"name":"Shaded","section":"Shading Mode"},"sceneLighting":false,"audioPlay":false,"sceneViewState":{"showFog":true,"showMaterialUpdate":false,"showSkybox":true,"showFlares":true,"showImageEffects":true,"showParticleSystems":true},"in2DMode":false,"pivot":{"x":0.4491910934448242,"y":-0.2630610466003418,"z":-39.05856704711914},"rotation":{"x":0.37005192041397097,"y":-0.5188758373260498,"z":0.2654084265232086,"w":0.723455548286438},"size":131.8308868408203,"orthographic":false}