{"cameraMode":{"drawMode":0,"name":"Shaded","section":"Shading Mode"},"sceneLighting":false,"audioPlay":false,"sceneViewState":{"showFog":true,"showMaterialUpdate":false,"showSkybox":true,"showFlares":true,"showImageEffects":true,"showParticleSystems":true},"in2DMode":false,"pivot":{"x":18.19226837158203,"y":-4.547115325927734,"z":0.6341285705566406},"rotation":{"x":0.04033719748258591,"y":-0.922709047794342,"z":0.3699442744255066,"w":0.1006089523434639},"size":70.02301788330078,"orthographic":false}