{"cameraMode":{"drawMode":0,"name":"Shaded","section":"Shading Mode"},"sceneLighting":false,"audioPlay":false,"sceneViewState":{"showFog":true,"showMaterialUpdate":false,"showSkybox":true,"showFlares":true,"showImageEffects":true,"showParticleSystems":true},"in2DMode":false,"pivot":{"x":0.00000286102294921875,"y":0.0,"z":50.538002014160159},"rotation":{"x":0.04033719748258591,"y":-0.922709047794342,"z":0.3699442744255066,"w":0.1006089523434639},"size":40.950401306152347,"orthographic":false}